Model,Origin,Model_Year,Weight,when,Acceleration,cyl4,Cylinders,Displacement,Horsepower,Mfg,MPG,org
"chevrolet chevelle malibu           ","USA    ",70,3504,"Early",12,"Other",8,307,130,"chevrolet    ",18,"USA    "
"buick skylark 320                   ","USA    ",70,3693,"Early",11.5,"Other",8,350,165,"buick        ",15,"USA    "
"plymouth satellite                  ","USA    ",70,3436,"Early",11,"Other",8,318,150,"plymouth     ",18,"USA    "
"amc rebel sst                       ","USA    ",70,3433,"Early",12,"Other",8,304,150,"amc          ",16,"USA    "
"ford torino                         ","USA    ",70,3449,"Early",10.5,"Other",8,302,140,"ford         ",17,"USA    "
"ford galaxie 500                    ","USA    ",70,4341,"Early",10,"Other",8,429,198,"ford         ",15,"USA    "
"chevrolet impala                    ","USA    ",70,4354,"Early",9,"Other",8,454,220,"chevrolet    ",14,"USA    "
"plymouth fury iii                   ","USA    ",70,4312,"Early",8.5,"Other",8,440,215,"plymouth     ",14,"USA    "
"pontiac catalina                    ","USA    ",70,4425,"Early",10,"Other",8,455,225,"pontiac      ",14,"USA    "
"amc ambassador dpl                  ","USA    ",70,3850,"Early",8.5,"Other",8,390,190,"amc          ",15,"USA    "
"citroen ds-21 pallas                ","France ",70,3090,"Early",17.5,"Four ",4,133,115,"citroen      ",NaN,"Europe "
"chevrolet chevelle concours (sw)    ","USA    ",70,4142,"Early",11.5,"Other",8,350,165,"chevrolet    ",NaN,"USA    "
"ford torino (sw)                    ","USA    ",70,4034,"Early",11,"Other",8,351,153,"ford         ",NaN,"USA    "
"plymouth satellite (sw)             ","USA    ",70,4166,"Early",10.5,"Other",8,383,175,"plymouth     ",NaN,"USA    "
"amc rebel sst (sw)                  ","USA    ",70,3850,"Early",11,"Other",8,360,175,"amc          ",NaN,"USA    "
"dodge challenger se                 ","USA    ",70,3563,"Early",10,"Other",8,383,170,"dodge        ",15,"USA    "
"plymouth 'cuda 340                  ","USA    ",70,3609,"Early",8,"Other",8,340,160,"plymouth     ",14,"USA    "
"ford mustang boss 302               ","USA    ",70,3353,"Early",8,"Other",8,302,140,"ford         ",NaN,"USA    "
"chevrolet monte carlo               ","USA    ",70,3761,"Early",9.5,"Other",8,400,150,"chevrolet    ",15,"USA    "
"buick estate wagon (sw)             ","USA    ",70,3086,"Early",10,"Other",8,455,225,"buick        ",14,"USA    "
"toyota corona mark ii               ","Japan  ",70,2372,"Early",15,"Four ",4,113,95,"toyota       ",24,"Japan  "
"plymouth duster                     ","USA    ",70,2833,"Early",15.5,"Other",6,198,95,"plymouth     ",22,"USA    "
"amc hornet                          ","USA    ",70,2774,"Early",15.5,"Other",6,199,97,"amc          ",18,"USA    "
"ford maverick                       ","USA    ",70,2587,"Early",16,"Other",6,200,85,"ford         ",21,"USA    "
"datsun pl510                        ","Japan  ",70,2130,"Early",14.5,"Four ",4,97,88,"datsun       ",27,"Japan  "
"volkswagen 1131 deluxe sedan        ","Germany",70,1835,"Early",20.5,"Four ",4,97,46,"volkswagen   ",26,"Europe "
"peugeot 504                         ","France ",70,2672,"Early",17.5,"Four ",4,110,87,"peugeot      ",25,"Europe "
"audi 100 ls                         ","Germany",70,2430,"Early",14.5,"Four ",4,107,90,"audi         ",24,"Europe "
"saab 99e                            ","Sweden ",70,2375,"Early",17.5,"Four ",4,104,95,"saab         ",25,"Europe "
"bmw 2002                            ","Germany",70,2234,"Early",12.5,"Four ",4,121,113,"bmw          ",26,"Europe "
"amc gremlin                         ","USA    ",70,2648,"Early",15,"Other",6,199,90,"amc          ",21,"USA    "
"ford f250                           ","USA    ",70,4615,"Early",14,"Other",8,360,215,"ford         ",10,"USA    "
"chevrolet c20                       ","USA    ",70,4376,"Early",15,"Other",8,307,200,"chevrolet    ",10,"USA    "
"dodge d200                          ","USA    ",70,4382,"Early",13.5,"Other",8,318,210,"dodge        ",11,"USA    "
"ih 1200d                            ","USA    ",70,4732,"Early",18.5,"Other",8,304,193,"ih           ",9,"USA    "
"datsun pl510                        ","Japan  ",71,2130,"Early",14.5,"Four ",4,97,88,"datsun       ",27,"Japan  "
"chevrolet vega 2300                 ","USA    ",71,2264,"Early",15.5,"Four ",4,140,90,"chevrolet    ",28,"USA    "
"toyota corona                       ","Japan  ",71,2228,"Early",14,"Four ",4,113,95,"toyota       ",25,"Japan  "
"ford pinto                          ","USA    ",71,2046,"Early",19,"Four ",4,98,NaN,"ford         ",25,"USA    "
"volkswagen super beetle 117         ","Germany",71,1978,"Early",20,"Four ",4,97,48,"volkswagen   ",NaN,"Europe "
"amc gremlin                         ","USA    ",71,2634,"Early",13,"Other",6,232,100,"amc          ",19,"USA    "
"plymouth satellite custom           ","USA    ",71,3439,"Early",15.5,"Other",6,225,105,"plymouth     ",16,"USA    "
"chevrolet chevelle malibu           ","USA    ",71,3329,"Early",15.5,"Other",6,250,100,"chevrolet    ",17,"USA    "
"ford torino 500                     ","USA    ",71,3302,"Early",15.5,"Other",6,250,88,"ford         ",19,"USA    "
"amc matador                         ","USA    ",71,3288,"Early",15.5,"Other",6,232,100,"amc          ",18,"USA    "
"chevrolet impala                    ","USA    ",71,4209,"Early",12,"Other",8,350,165,"chevrolet    ",14,"USA    "
"pontiac catalina brougham           ","USA    ",71,4464,"Early",11.5,"Other",8,400,175,"pontiac      ",14,"USA    "
"ford galaxie 500                    ","USA    ",71,4154,"Early",13.5,"Other",8,351,153,"ford         ",14,"USA    "
"plymouth fury iii                   ","USA    ",71,4096,"Early",13,"Other",8,318,150,"plymouth     ",14,"USA    "
"dodge monaco (sw)                   ","USA    ",71,4955,"Early",11.5,"Other",8,383,180,"dodge        ",12,"USA    "
"ford country squire (sw)            ","USA    ",71,4746,"Early",12,"Other",8,400,170,"ford         ",13,"USA    "
"pontiac safari (sw)                 ","USA    ",71,5140,"Early",12,"Other",8,400,175,"pontiac      ",13,"USA    "
"amc hornet sportabout (sw)          ","USA    ",71,2962,"Early",13.5,"Other",6,258,110,"amc          ",18,"USA    "
"chevrolet vega (sw)                 ","USA    ",71,2408,"Early",19,"Four ",4,140,72,"chevrolet    ",22,"USA    "
"pontiac firebird                    ","USA    ",71,3282,"Early",15,"Other",6,250,100,"pontiac      ",19,"USA    "
"ford mustang                        ","USA    ",71,3139,"Early",14.5,"Other",6,250,88,"ford         ",18,"USA    "
"mercury capri 2000                  ","USA    ",71,2220,"Early",14,"Four ",4,122,86,"mercury      ",23,"USA    "
"opel 1900                           ","Germany",71,2123,"Early",14,"Four ",4,116,90,"opel         ",28,"Europe "
"peugeot 304                         ","France ",71,2074,"Early",19.5,"Four ",4,79,70,"peugeot      ",30,"Europe "
"fiat 124b                           ","Italy  ",71,2065,"Early",14.5,"Four ",4,88,76,"fiat         ",30,"Europe "
"toyota corolla 1200                 ","Japan  ",71,1773,"Early",19,"Four ",4,71,65,"toyota       ",31,"Japan  "
"datsun 1200                         ","Japan  ",71,1613,"Early",18,"Four ",4,72,69,"datsun       ",35,"Japan  "
"volkswagen model 111                ","Germany",71,1834,"Early",19,"Four ",4,97,60,"volkswagen   ",27,"Europe "
"plymouth cricket                    ","USA    ",71,1955,"Early",20.5,"Four ",4,91,70,"plymouth     ",26,"USA    "
"toyota corona hardtop               ","Japan  ",72,2278,"Early",15.5,"Four ",4,113,95,"toyota       ",24,"Japan  "
"dodge colt hardtop                  ","USA    ",72,2126,"Early",17,"Four ",4,97.5,80,"dodge        ",25,"USA    "
"volkswagen type 3                   ","Germany",72,2254,"Early",23.5,"Four ",4,97,54,"volkswagen   ",23,"Europe "
"chevrolet vega                      ","USA    ",72,2408,"Early",19.5,"Four ",4,140,90,"chevrolet    ",20,"USA    "
"ford pinto runabout                 ","USA    ",72,2226,"Early",16.5,"Four ",4,122,86,"ford         ",21,"USA    "
"chevrolet impala                    ","USA    ",72,4274,"Early",12,"Other",8,350,165,"chevrolet    ",13,"USA    "
"pontiac catalina                    ","USA    ",72,4385,"Early",12,"Other",8,400,175,"pontiac      ",14,"USA    "
"plymouth fury iii                   ","USA    ",72,4135,"Early",13.5,"Other",8,318,150,"plymouth     ",15,"USA    "
"ford galaxie 500                    ","USA    ",72,4129,"Early",13,"Other",8,351,153,"ford         ",14,"USA    "
"amc ambassador sst                  ","USA    ",72,3672,"Early",11.5,"Other",8,304,150,"amc          ",17,"USA    "
"mercury marquis                     ","USA    ",72,4633,"Early",11,"Other",8,429,208,"mercury      ",11,"USA    "
"buick lesabre custom                ","USA    ",72,4502,"Early",13.5,"Other",8,350,155,"buick        ",13,"USA    "
"oldsmobile delta 88 royale          ","USA    ",72,4456,"Early",13.5,"Other",8,350,160,"oldsmobile   ",12,"USA    "
"chrysler newport royal              ","USA    ",72,4422,"Early",12.5,"Other",8,400,190,"chrysler     ",13,"USA    "
"mazda rx2 coupe                     ","Japan  ",72,2330,"Early",13.5,"Other",3,70,97,"mazda        ",19,"Japan  "
"amc matador (sw)                    ","USA    ",72,3892,"Early",12.5,"Other",8,304,150,"amc          ",15,"USA    "
"chevrolet chevelle concours (sw)    ","USA    ",72,4098,"Early",14,"Other",8,307,130,"chevrolet    ",13,"USA    "
"ford gran torino (sw)               ","USA    ",72,4294,"Early",16,"Other",8,302,140,"ford         ",13,"USA    "
"plymouth satellite custom (sw)      ","USA    ",72,4077,"Early",14,"Other",8,318,150,"plymouth     ",14,"USA    "
"volvo 145e (sw)                     ","Sweden ",72,2933,"Early",14.5,"Four ",4,121,112,"volvo        ",18,"Europe "
"volkswagen 411 (sw)                 ","Germany",72,2511,"Early",18,"Four ",4,121,76,"volkswagen   ",22,"Europe "
"peugeot 504 (sw)                    ","France ",72,2979,"Early",19.5,"Four ",4,120,87,"peugeot      ",21,"Europe "
"renault 12 (sw)                     ","France ",72,2189,"Early",18,"Four ",4,96,69,"renault      ",26,"Europe "
"ford pinto (sw)                     ","USA    ",72,2395,"Early",16,"Four ",4,122,86,"ford         ",22,"USA    "
"datsun 510 (sw)                     ","Japan  ",72,2288,"Early",17,"Four ",4,97,92,"datsun       ",28,"Japan  "
"toyota corona mark ii (sw)          ","Japan  ",72,2506,"Early",14.5,"Four ",4,120,97,"toyota       ",23,"Japan  "
"dodge colt (sw)                     ","USA    ",72,2164,"Early",15,"Four ",4,98,80,"dodge        ",28,"USA    "
"toyota corolla 1600 (sw)            ","Japan  ",72,2100,"Early",16.5,"Four ",4,97,88,"toyota       ",27,"Japan  "
"buick century 350                   ","USA    ",73,4100,"Early",13,"Other",8,350,175,"buick        ",13,"USA    "
"amc matador                         ","USA    ",73,3672,"Early",11.5,"Other",8,304,150,"amc          ",14,"USA    "
"chevrolet malibu                    ","USA    ",73,3988,"Early",13,"Other",8,350,145,"chevrolet    ",13,"USA    "
"ford gran torino                    ","USA    ",73,4042,"Early",14.5,"Other",8,302,137,"ford         ",14,"USA    "
"dodge coronet custom                ","USA    ",73,3777,"Early",12.5,"Other",8,318,150,"dodge        ",15,"USA    "
"mercury marquis brougham            ","USA    ",73,4952,"Early",11.5,"Other",8,429,198,"mercury      ",12,"USA    "
"chevrolet caprice classic           ","USA    ",73,4464,"Early",12,"Other",8,400,150,"chevrolet    ",13,"USA    "
"ford ltd                            ","USA    ",73,4363,"Early",13,"Other",8,351,158,"ford         ",13,"USA    "
"plymouth fury gran sedan            ","USA    ",73,4237,"Early",14.5,"Other",8,318,150,"plymouth     ",14,"USA    "
"chrysler new yorker brougham        ","USA    ",73,4735,"Early",11,"Other",8,440,215,"chrysler     ",13,"USA    "
"buick electra 225 custom            ","USA    ",73,4951,"Early",11,"Other",8,455,225,"buick        ",12,"USA    "
"amc ambassador brougham             ","USA    ",73,3821,"Early",11,"Other",8,360,175,"amc          ",13,"USA    "
"plymouth valiant                    ","USA    ",73,3121,"Early",16.5,"Other",6,225,105,"plymouth     ",18,"USA    "
"chevrolet nova custom               ","USA    ",73,3278,"Early",18,"Other",6,250,100,"chevrolet    ",16,"USA    "
"amc hornet                          ","USA    ",73,2945,"Early",16,"Other",6,232,100,"amc          ",18,"USA    "
"ford maverick                       ","USA    ",73,3021,"Early",16.5,"Other",6,250,88,"ford         ",18,"USA    "
"plymouth duster                     ","USA    ",73,2904,"Early",16,"Other",6,198,95,"plymouth     ",23,"USA    "
"volkswagen super beetle             ","Germany",73,1950,"Early",21,"Four ",4,97,46,"volkswagen   ",26,"Europe "
"chevrolet impala                    ","USA    ",73,4997,"Early",14,"Other",8,400,150,"chevrolet    ",11,"USA    "
"ford country                        ","USA    ",73,4906,"Early",12.5,"Other",8,400,167,"ford         ",12,"USA    "
"plymouth custom suburb              ","USA    ",73,4654,"Early",13,"Other",8,360,170,"plymouth     ",13,"USA    "
"oldsmobile vista cruiser            ","USA    ",73,4499,"Early",12.5,"Other",8,350,180,"oldsmobile   ",12,"USA    "
"amc gremlin                         ","USA    ",73,2789,"Early",15,"Other",6,232,100,"amc          ",18,"USA    "
"toyota carina                       ","Japan  ",73,2279,"Early",19,"Four ",4,97,88,"toyota       ",20,"Japan  "
"chevrolet vega                      ","USA    ",73,2401,"Early",19.5,"Four ",4,140,72,"chevrolet    ",21,"USA    "
"datsun 610                          ","Japan  ",73,2379,"Early",16.5,"Four ",4,108,94,"datsun       ",22,"Japan  "
"mazda rx3                           ","Japan  ",73,2124,"Early",13.5,"Other",3,70,90,"mazda        ",18,"Japan  "
"ford pinto                          ","USA    ",73,2310,"Early",18.5,"Four ",4,122,85,"ford         ",19,"USA    "
"mercury capri v6                    ","USA    ",73,2472,"Early",14,"Other",6,155,107,"mercury      ",21,"USA    "
"fiat 124 sport coupe                ","Italy  ",73,2265,"Early",15.5,"Four ",4,98,90,"fiat         ",26,"Europe "
"chevrolet monte carlo s             ","USA    ",73,4082,"Early",13,"Other",8,350,145,"chevrolet    ",15,"USA    "
"pontiac grand prix                  ","USA    ",73,4278,"Early",9.5,"Other",8,400,230,"pontiac      ",16,"USA    "
"fiat 128                            ","Italy  ",73,1867,"Early",19.5,"Four ",4,68,49,"fiat         ",29,"Europe "
"opel manta                          ","Germany",73,2158,"Early",15.5,"Four ",4,116,75,"opel         ",24,"Europe "
"audi 100ls                          ","Germany",73,2582,"Early",14,"Four ",4,114,91,"audi         ",20,"Europe "
"volvo 144ea                         ","Sweden ",73,2868,"Early",15.5,"Four ",4,121,112,"volvo        ",19,"Europe "
"dodge dart custom                   ","USA    ",73,3399,"Early",11,"Other",8,318,150,"dodge        ",15,"USA    "
"saab 99le                           ","Sweden ",73,2660,"Early",14,"Four ",4,121,110,"saab         ",24,"Europe "
"toyota mark ii                      ","Japan  ",73,2807,"Early",13.5,"Other",6,156,122,"toyota       ",20,"Japan  "
"oldsmobile omega                    ","USA    ",73,3664,"Early",11,"Other",8,350,180,"oldsmobile   ",11,"USA    "
"plymouth duster                     ","USA    ",74,3102,"Mid  ",16.5,"Other",6,198,95,"plymouth     ",20,"USA    "
"ford maverick                       ","USA    ",74,2875,"Mid  ",17,"Other",6,200,NaN,"ford         ",21,"USA    "
"amc hornet                          ","USA    ",74,2901,"Mid  ",16,"Other",6,232,100,"amc          ",19,"USA    "
"chevrolet nova                      ","USA    ",74,3336,"Mid  ",17,"Other",6,250,100,"chevrolet    ",15,"USA    "
"datsun b210                         ","Japan  ",74,1950,"Mid  ",19,"Four ",4,79,67,"datsun       ",31,"Japan  "
"ford pinto                          ","USA    ",74,2451,"Mid  ",16.5,"Four ",4,122,80,"ford         ",26,"USA    "
"toyota corolla 1200                 ","Japan  ",74,1836,"Mid  ",21,"Four ",4,71,65,"toyota       ",32,"Japan  "
"chevrolet vega                      ","USA    ",74,2542,"Mid  ",17,"Four ",4,140,75,"chevrolet    ",25,"USA    "
"chevrolet chevelle malibu classic   ","USA    ",74,3781,"Mid  ",17,"Other",6,250,100,"chevrolet    ",16,"USA    "
"amc matador                         ","USA    ",74,3632,"Mid  ",18,"Other",6,258,110,"amc          ",16,"USA    "
"plymouth satellite sebring          ","USA    ",74,3613,"Mid  ",16.5,"Other",6,225,105,"plymouth     ",18,"USA    "
"ford gran torino                    ","USA    ",74,4141,"Mid  ",14,"Other",8,302,140,"ford         ",16,"USA    "
"buick century luxus (sw)            ","USA    ",74,4699,"Mid  ",14.5,"Other",8,350,150,"buick        ",13,"USA    "
"dodge coronet custom (sw)           ","USA    ",74,4457,"Mid  ",13.5,"Other",8,318,150,"dodge        ",14,"USA    "
"ford gran torino (sw)               ","USA    ",74,4638,"Mid  ",16,"Other",8,302,140,"ford         ",14,"USA    "
"amc matador (sw)                    ","USA    ",74,4257,"Mid  ",15.5,"Other",8,304,150,"amc          ",14,"USA    "
"audi fox                            ","Germany",74,2219,"Mid  ",16.5,"Four ",4,98,83,"audi         ",29,"Europe "
"volkswagen dasher                   ","Germany",74,1963,"Mid  ",15.5,"Four ",4,79,67,"volkswagen   ",26,"Europe "
"opel manta                          ","Germany",74,2300,"Mid  ",14.5,"Four ",4,97,78,"opel         ",26,"Europe "
"toyota corona                       ","Japan  ",74,1649,"Mid  ",16.5,"Four ",4,76,52,"toyota       ",31,"Japan  "
"datsun 710                          ","Japan  ",74,2003,"Mid  ",19,"Four ",4,83,61,"datsun       ",32,"Japan  "
"dodge colt                          ","USA    ",74,2125,"Mid  ",14.5,"Four ",4,90,75,"dodge        ",28,"USA    "
"fiat 128                            ","Italy  ",74,2108,"Mid  ",15.5,"Four ",4,90,75,"fiat         ",24,"Europe "
"fiat 124 tc                         ","Italy  ",74,2246,"Mid  ",14,"Four ",4,116,75,"fiat         ",26,"Europe "
"honda civic                         ","Japan  ",74,2489,"Mid  ",15,"Four ",4,120,97,"honda        ",24,"Japan  "
"subaru                              ","Japan  ",74,2391,"Mid  ",15.5,"Four ",4,108,93,"subaru       ",26,"Japan  "
"fiat x1.9                           ","Italy  ",74,2000,"Mid  ",16,"Four ",4,79,67,"fiat         ",31,"Europe "
"plymouth valiant custom             ","USA    ",75,3264,"Mid  ",16,"Other",6,225,95,"plymouth     ",19,"USA    "
"chevrolet nova                      ","USA    ",75,3459,"Mid  ",16,"Other",6,250,105,"chevrolet    ",18,"USA    "
"mercury monarch                     ","USA    ",75,3432,"Mid  ",21,"Other",6,250,72,"mercury      ",15,"USA    "
"ford maverick                       ","USA    ",75,3158,"Mid  ",19.5,"Other",6,250,72,"ford         ",15,"USA    "
"pontiac catalina                    ","USA    ",75,4668,"Mid  ",11.5,"Other",8,400,170,"pontiac      ",16,"USA    "
"chevrolet bel air                   ","USA    ",75,4440,"Mid  ",14,"Other",8,350,145,"chevrolet    ",15,"USA    "
"plymouth grand fury                 ","USA    ",75,4498,"Mid  ",14.5,"Other",8,318,150,"plymouth     ",16,"USA    "
"ford ltd                            ","USA    ",75,4657,"Mid  ",13.5,"Other",8,351,148,"ford         ",14,"USA    "
"buick century                       ","USA    ",75,3907,"Mid  ",21,"Other",6,231,110,"buick        ",17,"USA    "
"chevrolet chevelle malibu           ","USA    ",75,3897,"Mid  ",18.5,"Other",6,250,105,"chevrolet    ",16,"USA    "
"amc matador                         ","USA    ",75,3730,"Mid  ",19,"Other",6,258,110,"amc          ",15,"USA    "
"plymouth fury                       ","USA    ",75,3785,"Mid  ",19,"Other",6,225,95,"plymouth     ",18,"USA    "
"buick skyhawk                       ","USA    ",75,3039,"Mid  ",15,"Other",6,231,110,"buick        ",21,"USA    "
"chevrolet monza 2+2                 ","USA    ",75,3221,"Mid  ",13.5,"Other",8,262,110,"chevrolet    ",20,"USA    "
"ford mustang ii                     ","USA    ",75,3169,"Mid  ",12,"Other",8,302,129,"ford         ",13,"USA    "
"toyota corolla                      ","Japan  ",75,2171,"Mid  ",16,"Four ",4,97,75,"toyota       ",29,"Japan  "
"ford pinto                          ","USA    ",75,2639,"Mid  ",17,"Four ",4,140,83,"ford         ",23,"USA    "
"amc gremlin                         ","USA    ",75,2914,"Mid  ",16,"Other",6,232,100,"amc          ",20,"USA    "
"pontiac astro                       ","USA    ",75,2592,"Mid  ",18.5,"Four ",4,140,78,"pontiac      ",23,"USA    "
"toyota corona                       ","Japan  ",75,2702,"Mid  ",13.5,"Four ",4,134,96,"toyota       ",24,"Japan  "
"volkswagen dasher                   ","Germany",75,2223,"Mid  ",16.5,"Four ",4,90,71,"volkswagen   ",25,"Europe "
"datsun 710                          ","Japan  ",75,2545,"Mid  ",17,"Four ",4,119,97,"datsun       ",24,"Japan  "
"ford pinto                          ","USA    ",75,2984,"Mid  ",14.5,"Other",6,171,97,"ford         ",18,"USA    "
"volkswagen rabbit                   ","Germany",75,1937,"Mid  ",14,"Four ",4,90,70,"volkswagen   ",29,"Europe "
"amc pacer                           ","USA    ",75,3211,"Mid  ",17,"Other",6,232,90,"amc          ",19,"USA    "
"audi 100ls                          ","Germany",75,2694,"Mid  ",15,"Four ",4,115,95,"audi         ",23,"Europe "
"peugeot 504                         ","France ",75,2957,"Mid  ",17,"Four ",4,120,88,"peugeot      ",23,"Europe "
"volvo 244dl                         ","Sweden ",75,2945,"Mid  ",14.5,"Four ",4,121,98,"volvo        ",22,"Europe "
"saab 99le                           ","Sweden ",75,2671,"Mid  ",13.5,"Four ",4,121,115,"saab         ",25,"Europe "
"honda civic cvcc                    ","Japan  ",75,1795,"Mid  ",17.5,"Four ",4,91,53,"honda        ",33,"Japan  "
"fiat 131                            ","Italy  ",76,2464,"Mid  ",15.5,"Four ",4,107,86,"fiat         ",28,"Europe "
"opel 1900                           ","Germany",76,2220,"Mid  ",16.9,"Four ",4,116,81,"opel         ",25,"Europe "
"ford capri ii                       ","USA    ",76,2572,"Mid  ",14.9,"Four ",4,140,92,"ford         ",25,"USA    "
"dodge colt                          ","USA    ",76,2255,"Mid  ",17.7,"Four ",4,98,79,"dodge        ",26,"USA    "
"renault 12tl                        ","France ",76,2202,"Mid  ",15.3,"Four ",4,101,83,"renault      ",27,"Europe "
"chevrolet chevelle malibu classic   ","USA    ",76,4215,"Mid  ",13,"Other",8,305,140,"chevrolet    ",17.5,"USA    "
"dodge coronet brougham              ","USA    ",76,4190,"Mid  ",13,"Other",8,318,150,"dodge        ",16,"USA    "
"amc matador                         ","USA    ",76,3962,"Mid  ",13.9,"Other",8,304,120,"amc          ",15.5,"USA    "
"ford gran torino                    ","USA    ",76,4215,"Mid  ",12.8,"Other",8,351,152,"ford         ",14.5,"USA    "
"plymouth valiant                    ","USA    ",76,3233,"Mid  ",15.4,"Other",6,225,100,"plymouth     ",22,"USA    "
"chevrolet nova                      ","USA    ",76,3353,"Mid  ",14.5,"Other",6,250,105,"chevrolet    ",22,"USA    "
"ford maverick                       ","USA    ",76,3012,"Mid  ",17.6,"Other",6,200,81,"ford         ",24,"USA    "
"amc hornet                          ","USA    ",76,3085,"Mid  ",17.6,"Other",6,232,90,"amc          ",22.5,"USA    "
"chevrolet chevette                  ","USA    ",76,2035,"Mid  ",22.2,"Four ",4,85,52,"chevrolet    ",29,"USA    "
"chevrolet woody                     ","USA    ",76,2164,"Mid  ",22.1,"Four ",4,98,60,"chevrolet    ",24.5,"USA    "
"volkswagen rabbit                   ","Germany",76,1937,"Mid  ",14.2,"Four ",4,90,70,"volkswagen   ",29,"Europe "
"honda civic                         ","Japan  ",76,1795,"Mid  ",17.4,"Four ",4,91,53,"honda        ",33,"Japan  "
"dodge aspen se                      ","USA    ",76,3651,"Mid  ",17.7,"Other",6,225,100,"dodge        ",20,"USA    "
"ford granada ghia                   ","USA    ",76,3574,"Mid  ",21,"Other",6,250,78,"ford         ",18,"USA    "
"pontiac ventura sj                  ","USA    ",76,3645,"Mid  ",16.2,"Other",6,250,110,"pontiac      ",18.5,"USA    "
"amc pacer d/l                       ","USA    ",76,3193,"Mid  ",17.8,"Other",6,258,95,"amc          ",17.5,"USA    "
"volkswagen rabbit                   ","Germany",76,1825,"Mid  ",12.2,"Four ",4,97,71,"volkswagen   ",29.5,"Europe "
"datsun b-210                        ","Japan  ",76,1990,"Mid  ",17,"Four ",4,85,70,"datsun       ",32,"Japan  "
"toyota corolla                      ","Japan  ",76,2155,"Mid  ",16.4,"Four ",4,97,75,"toyota       ",28,"Japan  "
"ford pinto                          ","USA    ",76,2565,"Mid  ",13.6,"Four ",4,140,72,"ford         ",26.5,"USA    "
"volvo 245                           ","Sweden ",76,3150,"Mid  ",15.7,"Four ",4,130,102,"volvo        ",20,"Europe "
"plymouth volare premier v8          ","USA    ",76,3940,"Mid  ",13.2,"Other",8,318,150,"plymouth     ",13,"USA    "
"peugeot 504                         ","France ",76,3270,"Mid  ",21.9,"Four ",4,120,88,"peugeot      ",19,"Europe "
"toyota mark ii                      ","Japan  ",76,2930,"Mid  ",15.5,"Other",6,156,108,"toyota       ",19,"Japan  "
"mercedes-benz 280s                  ","Germany",76,3820,"Mid  ",16.7,"Other",6,168,120,"mercedes-benz",16.5,"Europe "
"cadillac seville                    ","USA    ",76,4380,"Mid  ",12.1,"Other",8,350,180,"cadillac     ",16.5,"USA    "
"chevrolet c10                       ","USA    ",76,4055,"Mid  ",12,"Other",8,350,145,"chevrolet    ",13,"USA    "
"ford f108                           ","USA    ",76,3870,"Mid  ",15,"Other",8,302,130,"ford         ",13,"USA    "
"dodge d100                          ","USA    ",76,3755,"Mid  ",14,"Other",8,318,150,"dodge        ",13,"USA    "
"honda accord cvcc                   ","Japan  ",77,2045,"Mid  ",18.5,"Four ",4,98,68,"honda        ",31.5,"Japan  "
"buick opel isuzu deluxe             ","USA    ",77,2155,"Mid  ",14.8,"Four ",4,111,80,"buick        ",30,"USA    "
"renault 5 gtl                       ","France ",77,1825,"Mid  ",18.6,"Four ",4,79,58,"renault      ",36,"Europe "
"plymouth arrow gs                   ","USA    ",77,2300,"Mid  ",15.5,"Four ",4,122,96,"plymouth     ",25.5,"USA    "
"datsun f-10 hatchback               ","Japan  ",77,1945,"Mid  ",16.8,"Four ",4,85,70,"datsun       ",33.5,"Japan  "
"chevrolet caprice classic           ","USA    ",77,3880,"Mid  ",12.5,"Other",8,305,145,"chevrolet    ",17.5,"USA    "
"oldsmobile cutlass supreme          ","USA    ",77,4060,"Mid  ",19,"Other",8,260,110,"oldsmobile   ",17,"USA    "
"dodge monaco brougham               ","USA    ",77,4140,"Mid  ",13.7,"Other",8,318,145,"dodge        ",15.5,"USA    "
"mercury cougar brougham             ","USA    ",77,4295,"Mid  ",14.9,"Other",8,302,130,"mercury      ",15,"USA    "
"chevrolet concours                  ","USA    ",77,3520,"Mid  ",16.4,"Other",6,250,110,"chevrolet    ",17.5,"USA    "
"buick skylark                       ","USA    ",77,3425,"Mid  ",16.9,"Other",6,231,105,"buick        ",20.5,"USA    "
"plymouth volare custom              ","USA    ",77,3630,"Mid  ",17.7,"Other",6,225,100,"plymouth     ",19,"USA    "
"ford granada                        ","USA    ",77,3525,"Mid  ",19,"Other",6,250,98,"ford         ",18.5,"USA    "
"pontiac grand prix lj               ","USA    ",77,4220,"Mid  ",11.1,"Other",8,400,180,"pontiac      ",16,"USA    "
"chevrolet monte carlo landau        ","USA    ",77,4165,"Mid  ",11.4,"Other",8,350,170,"chevrolet    ",15.5,"USA    "
"chrysler cordoba                    ","USA    ",77,4325,"Mid  ",12.2,"Other",8,400,190,"chrysler     ",15.5,"USA    "
"ford thunderbird                    ","USA    ",77,4335,"Mid  ",14.5,"Other",8,351,149,"ford         ",16,"USA    "
"volkswagen rabbit custom            ","Germany",77,1940,"Mid  ",14.5,"Four ",4,97,78,"volkswagen   ",29,"Europe "
"pontiac sunbird coupe               ","USA    ",77,2740,"Mid  ",16,"Four ",4,151,88,"pontiac      ",24.5,"USA    "
"toyota corolla liftback             ","Japan  ",77,2265,"Mid  ",18.2,"Four ",4,97,75,"toyota       ",26,"Japan  "
"ford mustang ii 2+2                 ","USA    ",77,2755,"Mid  ",15.8,"Four ",4,140,89,"ford         ",25.5,"USA    "
"chevrolet chevette                  ","USA    ",77,2051,"Mid  ",17,"Four ",4,98,63,"chevrolet    ",30.5,"USA    "
"dodge colt m/m                      ","USA    ",77,2075,"Mid  ",15.9,"Four ",4,98,83,"dodge        ",33.5,"USA    "
"subaru dl                           ","Japan  ",77,1985,"Mid  ",16.4,"Four ",4,97,67,"subaru       ",30,"Japan  "
"volkswagen dasher                   ","Germany",77,2190,"Mid  ",14.1,"Four ",4,97,78,"volkswagen   ",30.5,"Europe "
"datsun 810                          ","Japan  ",77,2815,"Mid  ",14.5,"Other",6,146,97,"datsun       ",22,"Japan  "
"bmw 320i                            ","Germany",77,2600,"Mid  ",12.8,"Four ",4,121,110,"bmw          ",21.5,"Europe "
"mazda rx-4                          ","Japan  ",77,2720,"Mid  ",13.5,"Other",3,80,110,"mazda        ",21.5,"Japan  "
"volkswagen rabbit custom diesel     ","Germany",78,1985,"Mid  ",21.5,"Four ",4,90,48,"volkswagen   ",43.1,"Europe "
"ford fiesta                         ","USA    ",78,1800,"Mid  ",14.4,"Four ",4,98,66,"ford         ",36.1,"USA    "
"mazda glc deluxe                    ","Japan  ",78,1985,"Mid  ",19.4,"Four ",4,78,52,"mazda        ",32.8,"Japan  "
"datsun b210 gx                      ","Japan  ",78,2070,"Mid  ",18.6,"Four ",4,85,70,"datsun       ",39.4,"Japan  "
"honda civic cvcc                    ","Japan  ",78,1800,"Mid  ",16.4,"Four ",4,91,60,"honda        ",36.1,"Japan  "
"oldsmobile cutlass salon brougham   ","USA    ",78,3365,"Mid  ",15.5,"Other",8,260,110,"oldsmobile   ",19.9,"USA    "
"dodge diplomat                      ","USA    ",78,3735,"Mid  ",13.2,"Other",8,318,140,"dodge        ",19.4,"USA    "
"mercury monarch ghia                ","USA    ",78,3570,"Mid  ",12.8,"Other",8,302,139,"mercury      ",20.2,"USA    "
"pontiac phoenix lj                  ","USA    ",78,3535,"Mid  ",19.2,"Other",6,231,105,"pontiac      ",19.2,"USA    "
"chevrolet malibu                    ","USA    ",78,3155,"Mid  ",18.2,"Other",6,200,95,"chevrolet    ",20.5,"USA    "
"ford fairmont (auto)                ","USA    ",78,2965,"Mid  ",15.8,"Other",6,200,85,"ford         ",20.2,"USA    "
"ford fairmont (man)                 ","USA    ",78,2720,"Mid  ",15.4,"Four ",4,140,88,"ford         ",25.1,"USA    "
"plymouth volare                     ","USA    ",78,3430,"Mid  ",17.2,"Other",6,225,100,"plymouth     ",20.5,"USA    "
"amc concord                         ","USA    ",78,3210,"Mid  ",17.2,"Other",6,232,90,"amc          ",19.4,"USA    "
"buick century special               ","USA    ",78,3380,"Mid  ",15.8,"Other",6,231,105,"buick        ",20.6,"USA    "
"mercury zephyr                      ","USA    ",78,3070,"Mid  ",16.7,"Other",6,200,85,"mercury      ",20.8,"USA    "
"dodge aspen                         ","USA    ",78,3620,"Mid  ",18.7,"Other",6,225,110,"dodge        ",18.6,"USA    "
"amc concord d/l                     ","USA    ",78,3410,"Mid  ",15.1,"Other",6,258,120,"amc          ",18.1,"USA    "
"chevrolet monte carlo landau        ","USA    ",78,3425,"Mid  ",13.2,"Other",8,305,145,"chevrolet    ",19.2,"USA    "
"buick regal sport coupe (turbo)     ","USA    ",78,3445,"Mid  ",13.4,"Other",6,231,165,"buick        ",17.7,"USA    "
"ford futura                         ","USA    ",78,3205,"Mid  ",11.2,"Other",8,302,139,"ford         ",18.1,"USA    "
"dodge magnum xe                     ","USA    ",78,4080,"Mid  ",13.7,"Other",8,318,140,"dodge        ",17.5,"USA    "
"chevrolet chevette                  ","USA    ",78,2155,"Mid  ",16.5,"Four ",4,98,68,"chevrolet    ",30,"USA    "
"toyota corona                       ","Japan  ",78,2560,"Mid  ",14.2,"Four ",4,134,95,"toyota       ",27.5,"Japan  "
"datsun 510                          ","Japan  ",78,2300,"Mid  ",14.7,"Four ",4,119,97,"datsun       ",27.2,"Japan  "
"dodge omni                          ","USA    ",78,2230,"Mid  ",14.5,"Four ",4,105,75,"dodge        ",30.9,"USA    "
"toyota celica gt liftback           ","Japan  ",78,2515,"Mid  ",14.8,"Four ",4,134,95,"toyota       ",21.1,"Japan  "
"plymouth sapporo                    ","USA    ",78,2745,"Mid  ",16.7,"Four ",4,156,105,"plymouth     ",23.2,"USA    "
"oldsmobile starfire sx              ","USA    ",78,2855,"Mid  ",17.6,"Four ",4,151,85,"oldsmobile   ",23.8,"USA    "
"datsun 200-sx                       ","Japan  ",78,2405,"Mid  ",14.9,"Four ",4,119,97,"datsun       ",23.9,"Japan  "
"audi 5000                           ","Germany",78,2830,"Mid  ",15.9,"Other",5,131,103,"audi         ",20.3,"Europe "
"volvo 264gl                         ","Sweden ",78,3140,"Mid  ",13.6,"Other",6,163,125,"volvo        ",17,"Europe "
"saab 99gle                          ","Sweden ",78,2795,"Mid  ",15.7,"Four ",4,121,115,"saab         ",21.6,"Europe "
"peugeot 604sl                       ","France ",78,3410,"Mid  ",15.8,"Other",6,163,133,"peugeot      ",16.2,"Europe "
"volkswagen scirocco                 ","Germany",78,1990,"Mid  ",14.9,"Four ",4,89,71,"volkswagen   ",31.5,"Europe "
"honda accord lx                     ","Japan  ",78,2135,"Mid  ",16.6,"Four ",4,98,68,"honda        ",29.5,"Japan  "
"pontiac lemans v6                   ","USA    ",79,3245,"Late ",15.4,"Other",6,231,115,"pontiac      ",21.5,"USA    "
"mercury zephyr 6                    ","USA    ",79,2990,"Late ",18.2,"Other",6,200,85,"mercury      ",19.8,"USA    "
"ford fairmont 4                     ","USA    ",79,2890,"Late ",17.3,"Four ",4,140,88,"ford         ",22.3,"USA    "
"amc concord dl 6                    ","USA    ",79,3265,"Late ",18.2,"Other",6,232,90,"amc          ",20.2,"USA    "
"dodge aspen 6                       ","USA    ",79,3360,"Late ",16.6,"Other",6,225,110,"dodge        ",20.6,"USA    "
"chevrolet caprice classic           ","USA    ",79,3840,"Late ",15.4,"Other",8,305,130,"chevrolet    ",17,"USA    "
"ford ltd landau                     ","USA    ",79,3725,"Late ",13.4,"Other",8,302,129,"ford         ",17.6,"USA    "
"mercury grand marquis               ","USA    ",79,3955,"Late ",13.2,"Other",8,351,138,"mercury      ",16.5,"USA    "
"dodge st. regis                     ","USA    ",79,3830,"Late ",15.2,"Other",8,318,135,"dodge        ",18.2,"USA    "
"buick estate wagon (sw)             ","USA    ",79,4360,"Late ",14.9,"Other",8,350,155,"buick        ",16.9,"USA    "
"ford country squire (sw)            ","USA    ",79,4054,"Late ",14.3,"Other",8,351,142,"ford         ",15.5,"USA    "
"chevrolet malibu classic (sw)       ","USA    ",79,3605,"Late ",15,"Other",8,267,125,"chevrolet    ",19.2,"USA    "
"chrysler lebaron town @ country (sw)","USA    ",79,3940,"Late ",13,"Other",8,360,150,"chrysler     ",18.5,"USA    "
"volkswagen rabbit custom            ","Germany",79,1925,"Late ",14,"Four ",4,89,71,"volkswagen   ",31.9,"Europe "
"mazda glc deluxe                    ","Japan  ",79,1975,"Late ",15.2,"Four ",4,86,65,"mazda        ",34.1,"Japan  "
"dodge colt hatchback custom         ","USA    ",79,1915,"Late ",14.4,"Four ",4,98,80,"dodge        ",35.7,"USA    "
"amc spirit dl                       ","USA    ",79,2670,"Late ",15,"Four ",4,121,80,"amc          ",27.4,"USA    "
"mercedes-benz 300d                  ","Germany",79,3530,"Late ",20.1,"Other",5,183,77,"mercedes-benz",25.4,"Europe "
"cadillac eldorado                   ","USA    ",79,3900,"Late ",17.4,"Other",8,350,125,"cadillac     ",23,"USA    "
"peugeot 504                         ","France ",79,3190,"Late ",24.8,"Four ",4,141,71,"peugeot      ",27.2,"Europe "
"oldsmobile cutlass salon brougham   ","USA    ",79,3420,"Late ",22.2,"Other",8,260,90,"oldsmobile   ",23.9,"USA    "
"plymouth horizon                    ","USA    ",79,2200,"Late ",13.2,"Four ",4,105,70,"plymouth     ",34.2,"USA    "
"plymouth horizon tc3                ","USA    ",79,2150,"Late ",14.9,"Four ",4,105,70,"plymouth     ",34.5,"USA    "
"datsun 210                          ","Japan  ",79,2020,"Late ",19.2,"Four ",4,85,65,"datsun       ",31.8,"Japan  "
"fiat strada custom                  ","Italy  ",79,2130,"Late ",14.7,"Four ",4,91,69,"fiat         ",37.3,"Europe "
"buick skylark limited               ","USA    ",79,2670,"Late ",16,"Four ",4,151,90,"buick        ",28.4,"USA    "
"chevrolet citation                  ","USA    ",79,2595,"Late ",11.3,"Other",6,173,115,"chevrolet    ",28.8,"USA    "
"oldsmobile omega brougham           ","USA    ",79,2700,"Late ",12.9,"Other",6,173,115,"oldsmobile   ",26.8,"USA    "
"pontiac phoenix                     ","USA    ",79,2556,"Late ",13.2,"Four ",4,151,90,"pontiac      ",33.5,"USA    "
"volkswagen rabbit                   ","Germany",80,2144,"Late ",14.7,"Four ",4,98,76,"volkswagen   ",41.5,"Europe "
"toyota corolla tercel               ","Japan  ",80,1968,"Late ",18.8,"Four ",4,89,60,"toyota       ",38.1,"Japan  "
"chevrolet chevette                  ","USA    ",80,2120,"Late ",15.5,"Four ",4,98,70,"chevrolet    ",32.1,"USA    "
"datsun 310                          ","Japan  ",80,2019,"Late ",16.4,"Four ",4,86,65,"datsun       ",37.2,"Japan  "
"chevrolet citation                  ","USA    ",80,2678,"Late ",16.5,"Four ",4,151,90,"chevrolet    ",28,"USA    "
"ford fairmont                       ","USA    ",80,2870,"Late ",18.1,"Four ",4,140,88,"ford         ",26.4,"USA    "
"amc concord                         ","USA    ",80,3003,"Late ",20.1,"Four ",4,151,90,"amc          ",24.3,"USA    "
"dodge aspen                         ","USA    ",80,3381,"Late ",18.7,"Other",6,225,90,"dodge        ",19.1,"USA    "
"audi 4000                           ","Germany",80,2188,"Late ",15.8,"Four ",4,97,78,"audi         ",34.3,"Europe "
"toyota corona liftback              ","Japan  ",80,2711,"Late ",15.5,"Four ",4,134,90,"toyota       ",29.8,"Japan  "
"mazda 626                           ","Japan  ",80,2542,"Late ",17.5,"Four ",4,120,75,"mazda        ",31.3,"Japan  "
"datsun 510 hatchback                ","Japan  ",80,2434,"Late ",15,"Four ",4,119,92,"datsun       ",37,"Japan  "
"toyota corolla                      ","Japan  ",80,2265,"Late ",15.2,"Four ",4,108,75,"toyota       ",32.2,"Japan  "
"mazda glc                           ","Japan  ",80,2110,"Late ",17.9,"Four ",4,86,65,"mazda        ",46.6,"Japan  "
"dodge colt                          ","USA    ",80,2800,"Late ",14.4,"Four ",4,156,105,"dodge        ",27.9,"USA    "
"datsun 210                          ","Japan  ",80,2110,"Late ",19.2,"Four ",4,85,65,"datsun       ",40.8,"Japan  "
"volkswagen rabbit c (diesel)        ","Germany",80,2085,"Late ",21.7,"Four ",4,90,48,"volkswagen   ",44.3,"Europe "
"volkswagen dasher (diesel)          ","Germany",80,2335,"Late ",23.7,"Four ",4,90,48,"volkswagen   ",43.4,"Europe "
"audi 5000s (diesel)                 ","Germany",80,2950,"Late ",19.9,"Other",5,121,67,"audi         ",36.4,"Europe "
"mercedes-benz 240d                  ","Germany",80,3250,"Late ",21.8,"Four ",4,146,67,"mercedes-benz",30,"Europe "
"honda civic 1500 gl                 ","Japan  ",80,1850,"Late ",13.8,"Four ",4,91,67,"honda        ",44.6,"Japan  "
"renault lecar deluxe                ","France ",80,1835,"Late ",17.3,"Four ",4,85,NaN,"renault      ",40.9,"Europe "
"subaru dl                           ","Japan  ",80,2145,"Late ",18,"Four ",4,97,67,"subaru       ",33.8,"Japan  "
"volkswagen rabbit                   ","Germany",80,1845,"Late ",15.3,"Four ",4,89,62,"volkswagen   ",29.8,"Europe "
"datsun 280-zx                       ","Japan  ",80,2910,"Late ",11.4,"Other",6,168,132,"datsun       ",32.7,"Japan  "
"mazda rx-7 gs                       ","Japan  ",80,2420,"Late ",12.5,"Other",3,70,100,"mazda        ",23.7,"Japan  "
"triumph tr7 coupe                   ","England",80,2500,"Late ",15.1,"Four ",4,122,88,"triumph      ",35,"Europe "
"ford mustang cobra                  ","USA    ",80,2905,"Late ",14.3,"Four ",4,140,NaN,"ford         ",23.6,"USA    "
"honda accord                        ","Japan  ",80,2290,"Late ",17,"Four ",4,107,72,"honda        ",32.4,"Japan  "
"plymouth reliant                    ","USA    ",81,2490,"Late ",15.7,"Four ",4,135,84,"plymouth     ",27.2,"USA    "
"buick skylark                       ","USA    ",81,2635,"Late ",16.4,"Four ",4,151,84,"buick        ",26.6,"USA    "
"dodge aries wagon (sw)              ","USA    ",81,2620,"Late ",14.4,"Four ",4,156,92,"dodge        ",25.8,"USA    "
"chevrolet citation                  ","USA    ",81,2725,"Late ",12.6,"Other",6,173,110,"chevrolet    ",23.5,"USA    "
"plymouth reliant                    ","USA    ",81,2385,"Late ",12.9,"Four ",4,135,84,"plymouth     ",30,"USA    "
"toyota starlet                      ","Japan  ",81,1755,"Late ",16.9,"Four ",4,79,58,"toyota       ",39.1,"Japan  "
"plymouth champ                      ","USA    ",81,1875,"Late ",16.4,"Four ",4,86,64,"plymouth     ",39,"USA    "
"honda civic 1300                    ","Japan  ",81,1760,"Late ",16.1,"Four ",4,81,60,"honda        ",35.1,"Japan  "
"subaru                              ","Japan  ",81,2065,"Late ",17.8,"Four ",4,97,67,"subaru       ",32.3,"Japan  "
"datsun 210 mpg                      ","Japan  ",81,1975,"Late ",19.4,"Four ",4,85,65,"datsun       ",37,"Japan  "
"toyota tercel                       ","Japan  ",81,2050,"Late ",17.3,"Four ",4,89,62,"toyota       ",37.7,"Japan  "
"mazda glc 4                         ","Japan  ",81,1985,"Late ",16,"Four ",4,91,68,"mazda        ",34.1,"Japan  "
"plymouth horizon 4                  ","USA    ",81,2215,"Late ",14.9,"Four ",4,105,63,"plymouth     ",34.7,"USA    "
"ford escort 4w                      ","USA    ",81,2045,"Late ",16.2,"Four ",4,98,65,"ford         ",34.4,"USA    "
"ford escort 2h                      ","USA    ",81,2380,"Late ",20.7,"Four ",4,98,65,"ford         ",29.9,"USA    "
"volkswagen jetta                    ","Germany",81,2190,"Late ",14.2,"Four ",4,105,74,"volkswagen   ",33,"Europe "
"renault 18i                         ","France ",81,2320,"Late ",15.8,"Four ",4,100,NaN,"renault      ",34.5,"Europe "
"honda prelude                       ","Japan  ",81,2210,"Late ",14.4,"Four ",4,107,75,"honda        ",33.7,"Japan  "
"toyota corolla                      ","Japan  ",81,2350,"Late ",16.8,"Four ",4,108,75,"toyota       ",32.4,"Japan  "
"datsun 200sx                        ","Japan  ",81,2615,"Late ",14.8,"Four ",4,119,100,"datsun       ",32.9,"Japan  "
"mazda 626                           ","Japan  ",81,2635,"Late ",18.3,"Four ",4,120,74,"mazda        ",31.6,"Japan  "
"peugeot 505s turbo diesel           ","France ",81,3230,"Late ",20.4,"Four ",4,141,80,"peugeot      ",28.1,"Europe "
"saab 900s                           ","Sweden ",81,2800,"Late ",15.4,"Four ",4,121,110,"saab         ",NaN,"Europe "
"volvo diesel                        ","Sweden ",81,3160,"Late ",19.6,"Other",6,145,76,"volvo        ",30.7,"Europe "
"toyota cressida                     ","Japan  ",81,2900,"Late ",12.6,"Other",6,168,116,"toyota       ",25.4,"Japan  "
"datsun 810 maxima                   ","Japan  ",81,2930,"Late ",13.8,"Other",6,146,120,"datsun       ",24.2,"Japan  "
"buick century                       ","USA    ",81,3415,"Late ",15.8,"Other",6,231,110,"buick        ",22.4,"USA    "
"oldsmobile cutlass ls               ","USA    ",81,3725,"Late ",19,"Other",8,350,105,"oldsmobile   ",26.6,"USA    "
"ford granada gl                     ","USA    ",81,3060,"Late ",17.1,"Other",6,200,88,"ford         ",20.2,"USA    "
"chrysler lebaron salon              ","USA    ",81,3465,"Late ",16.6,"Other",6,225,85,"chrysler     ",17.6,"USA    "
"chevrolet cavalier                  ","USA    ",82,2605,"Late ",19.6,"Four ",4,112,88,"chevrolet    ",28,"USA    "
"chevrolet cavalier wagon            ","USA    ",82,2640,"Late ",18.6,"Four ",4,112,88,"chevrolet    ",27,"USA    "
"chevrolet cavalier 2-door           ","USA    ",82,2395,"Late ",18,"Four ",4,112,88,"chevrolet    ",34,"USA    "
"pontiac j2000 se hatchback          ","USA    ",82,2575,"Late ",16.2,"Four ",4,112,85,"pontiac      ",31,"USA    "
"dodge aries se                      ","USA    ",82,2525,"Late ",16,"Four ",4,135,84,"dodge        ",29,"USA    "
"pontiac phoenix                     ","USA    ",82,2735,"Late ",18,"Four ",4,151,90,"pontiac      ",27,"USA    "
"ford fairmont futura                ","USA    ",82,2865,"Late ",16.4,"Four ",4,140,92,"ford         ",24,"USA    "
"amc concord dl                      ","USA    ",82,3035,"Late ",20.5,"Four ",4,151,NaN,"amc          ",23,"USA    "
"volkswagen rabbit l                 ","Germany",82,1980,"Late ",15.3,"Four ",4,105,74,"volkswagen   ",36,"Europe "
"mazda glc custom l                  ","Japan  ",82,2025,"Late ",18.2,"Four ",4,91,68,"mazda        ",37,"Japan  "
"mazda glc custom                    ","Japan  ",82,1970,"Late ",17.6,"Four ",4,91,68,"mazda        ",31,"Japan  "
"plymouth horizon miser              ","USA    ",82,2125,"Late ",14.7,"Four ",4,105,63,"plymouth     ",38,"USA    "
"mercury lynx l                      ","USA    ",82,2125,"Late ",17.3,"Four ",4,98,70,"mercury      ",36,"USA    "
"nissan stanza xe                    ","Japan  ",82,2160,"Late ",14.5,"Four ",4,120,88,"nissan       ",36,"Japan  "
"honda accord                        ","Japan  ",82,2205,"Late ",14.5,"Four ",4,107,75,"honda        ",36,"Japan  "
"toyota corolla                      ","Japan  ",82,2245,"Late ",16.9,"Four ",4,108,70,"toyota       ",34,"Japan  "
"honda civic                         ","Japan  ",82,1965,"Late ",15,"Four ",4,91,67,"honda        ",38,"Japan  "
"honda civic (auto)                  ","Japan  ",82,1965,"Late ",15.7,"Four ",4,91,67,"honda        ",32,"Japan  "
"datsun 310 gx                       ","Japan  ",82,1995,"Late ",16.2,"Four ",4,91,67,"datsun       ",38,"Japan  "
"buick century limited               ","USA    ",82,2945,"Late ",16.4,"Other",6,181,110,"buick        ",25,"USA    "
"oldsmobile cutlass ciera (diesel)   ","USA    ",82,3015,"Late ",17,"Other",6,262,85,"oldsmobile   ",38,"USA    "
"chrysler lebaron medallion          ","USA    ",82,2585,"Late ",14.5,"Four ",4,156,92,"chrysler     ",26,"USA    "
"ford granada l                      ","USA    ",82,2835,"Late ",14.7,"Other",6,232,112,"ford         ",22,"USA    "
"toyota celica gt                    ","Japan  ",82,2665,"Late ",13.9,"Four ",4,144,96,"toyota       ",32,"Japan  "
"dodge charger 2.2                   ","USA    ",82,2370,"Late ",13,"Four ",4,135,84,"dodge        ",36,"USA    "
"chevrolet camaro                    ","USA    ",82,2950,"Late ",17.3,"Four ",4,151,90,"chevrolet    ",27,"USA    "
"ford mustang gl                     ","USA    ",82,2790,"Late ",15.6,"Four ",4,140,86,"ford         ",27,"USA    "
"volkswagen pickup                   ","Germany",82,2130,"Late ",24.6,"Four ",4,97,52,"volkswagen   ",44,"Europe "
"dodge rampage                       ","USA    ",82,2295,"Late ",11.6,"Four ",4,135,84,"dodge        ",32,"USA    "
"ford ranger                         ","USA    ",82,2625,"Late ",18.6,"Four ",4,120,79,"ford         ",28,"USA    "
"chevrolet s-10                      ","USA    ",82,2720,"Late ",19.4,"Four ",4,119,82,"chevrolet    ",31,"USA    "
